NodeIdentifier1,NodeIdentifier2,InTestSet
ATF2,ATF3,True
BRCA1,CDKN1B,True
CCL2,CEBPA,True
ABCB1,CEBPB,True
CDKN1A,CEBPB,True
BHLHE40,CLOCK,True
BHLHE41,CLOCK,True
BCL2,CREB1,True
APP,CTCF,True
CEBPB,CXCL8,True
BIRC5,E2F1,True
DBF4,E2F1,True
CDKN1A,EGR1,True
EAPP,EGR1,True
CDX2,ELMO3,True
AR,ESR1,True
CCND1,ESR1,True
ANPEP,ETS1,True
FAS,FOS,True
CXCR4,FOXO1,True
CDC6,GATA1,True
CCND1,HDAC1,True
CLDN7,HDAC1,True
CFLAR,HDAC9,True
ASS1,HIF1A,True
CXCR4,HIF1A,True
HBEGF,HIF1A,True
CIITA,HLA-B,True
COL11A2,HMGA2,True
CYP2D6,HNF4A,True
CREBBP,HOXA9,True
FGF2,HOXB7,True
CEBPA,HSD17B11,True
GTF2I,HSPA5,True
FOXP3,IL2RA,True
EGR1,IL3,True
ETS2,IL5,True
GATA4,IL5,True
CASP3,ING1,True
CDKN1A,ING4,True
BRCA1,IRF7,True
IFNA1,IRF7,True
HIF1A,ITGB2,True
ETS1,JUN,True
EGFR,JUNB,True
BCL6,JUND,True
DAPK2,KLF6,True
KLF6,LAMA1,True
AES,LEF1,True
ERG,LYL1,True
BRCA1,MAD2L1,True
FOSL2,MDM2,True
MAPK7,MEF2C,True
BEST1,MITF,True
HIF1A,MITF,True
MAZ,MMP1,True
FOXP3,MSC,True
IL10,MSC,True
LCK,MYB,True
CDKN1A,MYC,True
DLX5,MYC,True
MYB,MYC,True
HOXA9,MYCN,True
EGR1,NAB2,True
KLF2,NANOG,True
ATF4,NDC80,True
FOS,NF1,True
IRF8,NF1,True
CYP2E1,NFATC1,True
FN1,NFKB1,True
FOXP3,NFKB1,True
ICAM1,NFKB1,True
IL1B,NFKB1,True
IL2,NFKB1,True
IL6,NFKB1,True
LPL,NFKB1,True
MCL1,NFKB1,True
KLF6,NOS2,True
NFKB1,NOX5,True
NFE2L2,NQO1,True
LHB,NR5A1,True
NR0B1,NR5A1,True
FMR1,NRF1,True
BCL2L1,NUPR1,True
CCNG2,OTX2,True
CD19,PAX5,True
PAX6,PCSK1,True
GLI2,PDGFRA,True
GATA1,PF4,True
PBX1,PF4,True
DBH,PHOX2A,True
KLF6,PMAIP1,True
ANGPTL4,PPARG,True
BCL2,PPARG,True
APOC3,PPARGC1A,True
CDKN1C,PROX1,True
JUN,PTGS2,True
HOXA5,PTN,True
BCL2L1,RELA,True
BMP2,RELA,True
CCR7,RELA,True
CEACAM1,RELA,True
CFTR,RELA,True
CXCL1,RELA,True
CXCR2,RELA,True
FGF8,RELA,True
FN1,RELA,True
GATA3,RELA,True
IFNG,RELA,True
IL23A,RELA,True
MAT2A,RELA,True
MMP1,RELA,True
MUC2,RELA,True
NCAM1,RELA,True
NR1H4,RELA,True
OXTR,RELA,True
PLAU,RELA,True
PTEN,RELA,True
PTGS2,RELA,True
HIF1A,RORA,True
NCAM1,RUNX1,True
MMP13,RUNX2,True
MMP2,RUNX2,True
CXCR5,RXRA,True
NFKB1,S100A6,True
RELA,S100A6,True
CEBPA,S100A9,True
CDK4,SATB1,True
HNF4A,SERPINC1,True
RXRA,SERPINC1,True
PPARA,SERPINE1,True
CYP11A1,SF1,True
MCL1,SIRT1,True
APEX1,SLC5A5,True
ANGPTL4,SMAD3,True
CDKN1A,SMAD3,True
PTHLH,SMAD3,True
APOC3,SMAD4,True
KAT2B,SMAD4,True
CDKN1A,SMARCA4,True
NFE2L2,SOD1,True
MITF,SOX10,True
FGF4,SOX2,True
COL11A2,SOX9,True
IRF5,SP1,True
KLK3,SP1,True
OPRM1,SP1,True
PLAUR,SP1,True
PRSS50,SP1,True
PTTG1,SP1,True
RETN,SP1,True
SERPINB5,SP1,True
SOCS1,SP1,True
ADGRE5,SP3,True
LPL,SP3,True
SP1,SP3,True
AGR2,SPDEF,True
MUC2,SPDEF,True
ITGB2,SPI1,True
JUN,SPRR1B,True
NPC1L1,SREBF2,True
FOS,SRF,True
MMP14,SRF,True
CEBPA,STAR,True
FGF2,STAT1,True
ICAM1,STAT1,True
IRF8,STAT1,True
IRF1,STAT2,True
CRP,STAT3,True
HIC1,STAT3,True
IRF1,STAT3,True
S100A4,STAT4,True
IL4,STAT6,True
MKL1,TAGLN,True
ERG,TAL1,True
RELA,TBX21,True
EGR1,TCF4,True
DNMT1,TERT,True
MYC,TERT,True
ECM1,TFAP2A,True
CDKN1A,TFAP4,True
AR,TGFA,True
STAT3,TGFB1,True
FLI1,TGFBR2,True
PHOX2B,TLX2,True
REL,TNFAIP3,True
NFKB1,TNFSF10,True
BCL2L1,TP53,True
E2F1,TP53,True
GSTP1,TP53,True
PAX5,TP53,True
RECQL4,TP53,True
SIRT1,TP53,True
THBS1,TP53,True
TNFRSF10B,TP53,True
EP300,TP73,True
MITF,TRAP,True
EP300,TRIM22,True
CD44,TWIST1,True
FN1,TWIST1,True
FOXQ1,TWIST1,True
GDF15,TWIST1,True
FN1,TWIST2,True
FOS,TWIST2,True
E2F1,TYMS,True
MITF,TYR,True
HNF1A,UGT1A9,True
TOP3A,USF1,True
ABCA1,USF2,True
APOA5,USF2,True
CXCR2,USF2,True
TRAP,USF2,True
EP300,VCAM1,True
CDKN1B,VDR,True
HOXA10,VDR,True
TP63,VDR,True
MYC,VEGFA,True
RELA,VEGFD,True
PARP1,VIM,True
GATA2,WT1,True
IFI16,WT1,True
SMAD3,WT1,True
SP1,XIAP,True
ATP2C1,YY1,True
SURF1,YY1,True
SALL4,ZEB1,True
IL6,ZNF300,True
BCL2,ZNRD1,True
ACTA1,AR,False
AKT1,AR,False
AR,ARG1,False
AR,ARG2,False
APOC3,ATF2,False
ASNS,ATF3,False
APOE,ATF4,False
ASNS,ATF4,False
ATF3,ATF4,False
ATF4,ATG5,False
ABL1,BAX,False
ATM,BAX,False
ATF5,BCL2,False
ARNTL,BHLHE40,False
ASPM,BRCA1,False
ATM,BRCA1,False
BRD2,BRD7,False
BRD3,BRD7,False
ABL2,BTF3,False
ATM,BTF3,False
ARNT,CA9,False
APEX1,CCL2,False
ATF2,CCND1,False
ABL1,CCND2,False
ATF5,CCND3,False
AHR,CCNG2,False
APEX1,CD19,False
AR,CDC6,False
CBX7,CDH1,False
AR,CDH2,False
AR,CDK20,False
ABL1,CDKN1A,False
AR,CDKN1A,False
BRCA1,CDKN1A,False
ACAT2,CDX2,False
APC,CDX2,False
CDH17,CDX2,False
CDKN1A,CDX2,False
ADM,CEBPB,False
ATF4,CEBPB,False
CCL20,CEBPD,False
APC,CEBPZ,False
ATM,CFLAR,False
ATF1,CFTR,False
CDX2,CFTR,False
ATF4,CHAC1,False
ACACA,CREB1,False
ATF5,CREB1,False
BDNF,CREB1,False
CASP8,CREB1,False
CFB,CREB5,False
ALOX15,CREBBP,False
CDKN1A,CREBBP,False
CREB1,CREBBP,False
ACE,CREM,False
CEBPB,CRP,False
BEST1,CRX,False
ARNTL,CRY1,False
CLOCK,CRY1,False
ARNTL,CRY2,False
CLOCK,CRY2,False
ABL1,CSF1,False
CEBPA,CSF3R,False
CEBPB,CSF3R,False
CEBPB,CSRP1,False
BAG1,CTCFL,False
AR,CTNNB1,False
CCND1,CTNNB1,False
CLDN2,CTNNB1,False
CEBPD,CXCL1,False
CUX1,CYBB,False
BRCA1,CYP19A1,False
CREB1,CYP19A1,False
AHR,CYP1A1,False
ARNT,CYP1A1,False
AHR,CYP1B1,False
ARNT,CYP1B1,False
ATF5,CYP2B6,False
ALDOB,DBP,False
CYP3A4,DBP,False
CYP7A1,DBP,False
BRCA1,DDB2,False
ATF3,DDIT3,False
ATF4,DDIT3,False
ATG5,DDIT3,False
BRCA1,DDIT3,False
CEBPD,DDIT3,False
ATF4,DDIT4,False
ATF4,DDR2,False
CLOCK,DEC1,False
BCL2,DEK,False
CREB5,DGKG,False
CGA,DLX3,False
ATF6,DNAJC3,False
ATM,DUSP1,False
ABCB1,E2F1,False
APAF1,E2F1,False
AR,E2F1,False
ASF1B,E2F1,False
ATG5,E2F1,False
ATM,E2F1,False
AURKA,E2F1,False
BBC3,E2F1,False
BCL2,E2F1,False
CASP7,E2F1,False
CCND1,E2F1,False
CCNE1,E2F1,False
CD2AP,E2F1,False
CDCA7,E2F1,False
CDK1,E2F1,False
CDKN1A,E2F1,False
CDKN2A,E2F1,False
CHEK2,E2F1,False
CTNNBIP1,E2F1,False
DAPK2,E2F1,False
DHFR,E2F1,False
DRAM1,E2F1,False
DROSHA,E2F1,False
DUSP1,E2F1,False
AURKA,E2F3,False
CDKN1A,E2F3,False
BRCA1,E2F4,False
E2F1,E2F6,False
ABCB1,EAPP,False
CDKN1A,EBF3,False
AR,EGFR,False
BCL3,EGFR,False
ABCB1,EGR1,False
ACE,EGR1,False
ALOX5,EGR1,False
ATF3,EGR1,False
BCAR1,EGR1,False
CCND1,EGR1,False
CDK5R1,EGR1,False
CHGA,EGR1,False
CYP2B6,EGR1,False
EGFR,EGR1,False
CAT,EGR3,False
CEBPA,ELANE,False
CD68,ELF1,False
CXCL8,ELF4,False
EIF2AK1,ELK1,False
EAF1,ELL,False
ALOX15,EP300,False
AR,EP300,False
BIRC5,EP300,False
BRCA1,EP300,False
CA9,EP300,False
CCNE1,EP300,False
CDKN1A,EP300,False
CRABP1,EP300,False
DNMT1,EP300,False
EGR1,EP300,False
EIF2AK1,EP300,False
CA9,EPAS1,False
CCR7,EPAS1,False
COL10A1,EPAS1,False
ARNT,EPO,False
EP300,EPO,False
AR,ERBB2,False
AR,ERBB3,False
E2F1,ERCC1,False
BAX,ERCC2,False
CDKN1A,ERCC2,False
E2F1,ERCC5,False
ADAMTS1,ERG,False
CXCR4,ERG,False
ENG,ERG,False
EPB41L4B,ERG,False
AMH,ESR1,False
BCL2,ESR1,False
BRCA1,ESR1,False
CCNA2,ESR1,False
CDKN1A,ESR1,False
CRHBP,ESR1,False
CYP19A1,ESR1,False
DCT,ESR1,False
CDKN1A,ESR2,False
CYP19A1,ESRRA,False
ABCB1,ETS1,False
ANGPT2,ETS1,False
BMP4,ETS1,False
CASP1,ETS1,False
CD8A,ETS1,False
CHUK,ETS1,False
CIP2A,ETS1,False
CSF3R,ETS1,False
EGR1,ETS1,False
ERG,ETS1,False
ANGPT2,ETS2,False
ANPEP,ETS2,False
CGA,ETS2,False
CHRNE,ETS2,False
CSF2,ETS2,False
CSF3R,ETS2,False
CXCL8,ETS2,False
ERG,ETS2,False
CREB1,ETV3,False
AGTR1,ETV4,False
CCND2,ETV4,False
CCND3,ETV4,False
E2F1,ETV4,False
ETS1,ETV4,False
BBC3,ETV6,False
CDKN1A,ETV6,False
AXL,EZH2,False
CCND1,EZH2,False
CCNE1,EZH2,False
ELK1,EZH2,False
ESR1,F12,False
CEBPA,F9,False
E2F1,FANCA,False
EGR1,FAP,False
ATM,FAS,False
ATF4,FGF19,False
EGR1,FGF2,False
ATF4,FGF21,False
E2F1,FGFR1,False
CDKN1A,FHL2,False
CDKN1B,FHL2,False
ELF1,FLI1,False
ERG,FLI1,False
ETS1,FLI1,False
ETS2,FLI1,False
EYA3,FLI1,False
EPAS1,FLT1,False
EGR1,FN1,False
CASP9,FOS,False
CCK,FOS,False
CREM,FOS,False
DDIT3,FOS,False
ELK4,FOS,False
ERCC4,FOS,False
EZR,FOS,False
FMO4,FOS,False
CXCL8,FOSB,False
ELK1,FOSL1,False
BCL6,FOSL2,False
BRCA1,FOSL2,False
CCR4,FOSL2,False
FOSL1,FOSL2,False
APOB,FOXA1,False
CDH1,FOXA2,False
FGF19,FOXC1,False
CYFIP2,FOXD3,False
BAMBI,FOXF2,False
CXCL12,FOXF2,False
BMP4,FOXL1,False
AR,FOXM1,False
ATM,FOXM1,False
BTG2,FOXM1,False
CCNB1,FOXM1,False
CDC25B,FOXM1,False
CDC6,FOXM1,False
E2F1,FOXM1,False
FLI1,FOXM1,False
ADIPOR1,FOXO1,False
CDKN1B,FOXO1,False
FABP4,FOXO1,False
ABL1,FOXO3,False
AR,FOXO3,False
BCL6,FOXO3,False
FASLG,FOXO3,False
BCL6,FOXO4,False
CREB1,FOXO4,False
ESR1,FOXP1,False
CCR4,FOXP3,False
BCL11A,FOXQ1,False
BRCA1,FST,False
ATF1,FTH1,False
CEBPB,FURIN,False
DDIT3,FUS,False
CDX2,FUT2,False
ATM,GADD45A,False
BRCA1,GADD45A,False
FOXO3,GALT,False
AGGF1,GATA1,False
BACH1,GATA1,False
BCL11A,GATA1,False
BST2,GATA1,False
CDA,GATA1,False
CYBB,GATA1,False
DICER1,GATA1,False
EPO,GATA1,False
FCER1A,GATA1,False
FLI1,GATA1,False
AR,GATA2,False
ERVW-1,GATA2,False
FCER1A,GATA2,False
GATA1,GATA2,False
CD40LG,GATA3,False
CD8A,GATA3,False
CDH1,GATA3,False
CDX2,GATA3,False
CHST4,GATA3,False
ERG,GATA3,False
ERVW-1,GATA3,False
AMH,GATA4,False
CCND2,GATA4,False
FABP2,GATA4,False
CYP11A1,GATA6,False
CYP17A1,GATA6,False
DAB2,GATA6,False
ERVW-1,GCM1,False
CASR,GCM2,False
ATF3,GDF15,False
CEBPB,GDF15,False
EGR1,GDF15,False
EP300,GFAP,False
FOXF1,GH2,False
BCL2,GLI1,False
BHLHE41,GLI1,False
CDK2,GLI1,False
BCL2,GLI2,False
FOXF1,GLI2,False
FST,GLI2,False
GATA1,GP1BB,False
ETS1,GP6,False
FLI1,GP6,False
GATA1,GP6,False
FLI1,GP9,False
GATA1,GP9,False
ESR1,GREB1,False
CREB1,GRPR,False
ETS1,GRPR,False
GATA1,GYPB,False
E2F1,H19,False
CEBPA,HAMP,False
GATA4,HAMP,False
DBH,HAND2,False
E2F1,HCFC1,False
E2F4,HCFC1,False
BCL2A1,HDAC1,False
BIRC3,HDAC1,False
COL1A2,HDAC1,False
GRIN2B,HDAC1,False
ALOX5,HDAC2,False
ALOX5,HDAC3,False
CDKN1A,HDAC7,False
CDKN2A,HDAC9,False
FAS,HDGF,False
CDX2,HEPH,False
DBF4,HES1,False
ATOH1,HES6,False
DUX4,HEY1,False
E2F1,HIC1,False
ACE,HIF1A,False
AGTR1,HIF1A,False
ALAS2,HIF1A,False
ALDOA,HIF1A,False
AR,HIF1A,False
ARNT,HIF1A,False
BAX,HIF1A,False
BNIP3,HIF1A,False
CA9,HIF1A,False
CCR7,HIF1A,False
CTGF,HIF1A,False
E2F3,HIF1A,False
EDN1,HIF1A,False
EDNRB,HIF1A,False
EGR1,HIF1A,False
ENO1,HIF1A,False
EPO,HIF1A,False
FGF2,HIF1A,False
HDAC7,HIF1A,False
CREBBP,HINFP,False
EP300,HINFP,False
CDKN1A,HIPK2,False
CIITA,HLA-A,False
CIITA,HLA-C,False
CIITA,HLA-DMA,False
CIITA,HLA-DMB,False
CIITA,HLA-DOA,False
CIITA,HLA-DOB,False
DBP,HLF,False
CD44,HMGA1,False
CDC25A,HMGA1,False
E2F1,HMGA1,False
CDH1,HMGA2,False
GFI1B,HMGB2,False
AR,HMOX1,False
BACH1,HMOX1,False
ACAT2,HNF1A,False
CDH17,HNF1A,False
AFP,HNF4A,False
C1QTNF5,HNF4A,False
CEACAM1,HNF4A,False
CYP2C8,HNF4A,False
CYP2C9,HNF4A,False
FABP2,HNF4A,False
HHEX,HNF4A,False
AFP,HNF4G,False
CYP2D6,HNF4G,False
FLG,HOPX,False
BCL2,HOXA1,False
CCND1,HOXA1,False
BHLHE22,HOXA10,False
CREBBP,HOXA10,False
EMX2,HOXA10,False
ARHGEF1,HOXA5,False
CDH1,HOXA7,False
ARHGEF1,HOXA9,False
CCND1,HOXB7,False
EGFR,HOXB7,False
EGR1,HPSE,False
BTF3,HPSE2,False
ATF4,HRK,False
ATG7,HSF1,False
DNASE2B,HSF4,False
FOXA1,HSPA1A,False
CEBPA,HSPA4,False
HSF1,HSPA4,False
HSF2,HSPA4,False
ESR1,HSPB1,False
FOS,HSPH1,False
ESR1,HTRA2,False
EGR1,HYAL1,False
GATA4,IAPP,False
DLX5,IBSP,False
ETS2,ICAM1,False
ETV5,ICAM1,False
HDAC1,ICAM1,False
FLI1,ID2,False
HOXA10,ID2,False
HOXA9,ID2,False
GLI2,IFITM5,False
BRCA1,IFNA1,False
ATF2,IFNB1,False
ATF2,IFNG,False
ATF3,IFNG,False
CREB1,IFNG,False
EP300,IFNG,False
CEBPA,IGF1,False
AR,IGF1R,False
EGR1,IGF2,False
ATF4,IGFBP1,False
FOXO1,IGFBP1,False
HNF1A,IGFBP1,False
HOXA10,IGFBP1,False
EP300,IGFBP3,False
HDAC1,IGFBP3,False
ETV6,IGFBP5,False
ARID1A,IGH,False
ARID1B,IGH,False
FGFR4,IKZF1,False
ATF1,IL10,False
CREB1,IL10,False
FLI1,IL10,False
EP300,IL12B,False
HOXA10,IL15,False
CEBPB,IL1B,False
CEBPD,IL23A,False
ETS1,IL2RB,False
CEBPB,IL4,False
CIITA,IL4,False
CREBBP,IL4,False
ETS1,IL5,False
GATA3,IL5,False
AHR,IL6,False
CEBPB,IL6,False
CREB1,IL6,False
DDIT3,IL6,False
FOXO1,IL6,False
ACRV1,ILF2,False
ACRV1,ILF3,False
BIRC5,ILF3,False
IL2,ILF3,False
BAX,ING1,False
CDKN1A,ING1,False
ARL6IP5,ING4,False
BAX,ING4,False
CASP3,ING4,False
CDKN1B,ING4,False
ATF2,INS,False
CREBBP,INSM1,False
CEBPA,INSR,False
CEBPB,INSR,False
HMGA1,INSR,False
CASP7,IRF1,False
CD40,IRF1,False
CEACAM1,IRF1,False
CIITA,IRF1,False
CREBBP,IRF1,False
CXCL10,IRF1,False
CYBB,IRF1,False
DDX58,IRF1,False
EIF2AK2,IRF1,False
HLA-A,IRF1,False
IFIT3,IRF1,False
IFNA1,IRF1,False
IFNA13,IRF1,False
IFNB1,IRF1,False
IFNG,IRF1,False
IL10,IRF1,False
IL27,IRF1,False
CIITA,IRF2,False
IFNB1,IRF2,False
IRF1,IRF2,False
ABCC2,IRF3,False
CXCL10,IRF3,False
IFNA1,IRF3,False
IFNB1,IRF3,False
CEBPB,IRF4,False
FCER2,IRF4,False
IFNA1,IRF5,False
ATF4,IRF7,False
CD80,IRF7,False
CXCL10,IRF7,False
IFNA13,IRF7,False
IFNA2,IRF7,False
IFNB1,IRF7,False
CYBB,IRF8,False
IL1B,IRF8,False
BRCA1,IRF9,False
CDKN1A,IRF9,False
CDKN1B,IRF9,False
DLX5,IRS2,False
E2F1,ISYNA1,False
CEBPA,ITGAX,False
HOXA7,IVL,False
ABCB1,JUN,False
ABL1,JUN,False
APOC3,JUN,False
AR,JUN,False
ATF2,JUN,False
ATF3,JUN,False
BECN1,JUN,False
BEX2,JUN,False
BRCA1,JUN,False
CCK,JUN,False
CCL2,JUN,False
CCND1,JUN,False
CD82,JUN,False
CREM,JUN,False
CSF1,JUN,False
CTNNB1,JUN,False
CTSL,JUN,False
CXCL8,JUN,False
DDIT3,JUN,False
EGFR,JUN,False
ESR1,JUN,False
EZR,JUN,False
FAS,JUN,False
FOSL1,JUN,False
GJA1,JUN,False
HDAC4,JUN,False
HEY1,JUN,False
IFNG,JUN,False
IL12B,JUN,False
IL3,JUN,False
IL6,JUN,False
CD82,JUNB,False
ESR1,JUNB,False
IL4,JUNB,False
CCND1,JUND,False
CCR4,JUND,False
FOSL1,JUND,False
GADD45A,JUND,False
GAST,JUND,False
IL6,JUND,False
CDKN1A,KAT2B,False
CDKN1B,KAT2B,False
ERCC1,KAT5,False
HOXA9,KAT6A,False
AR,KDM4B,False
JAG1,KDM4C,False
ESR1,KDR,False
IGF2,KHDRBS1,False
E2F1,KIR3DL1,False
AR,KISS1,False
HMGA1,KL,False
CDKN1A,KLF10,False
ITGAD,KLF10,False
INS,KLF11,False
CCR5,KLF2,False
CDKN1A,KLF2,False
CKM,KLF3,False
ALPI,KLF4,False
ATF3,KLF4,False
BDKRB2,KLF4,False
CCND1,KLF4,False
CD14,KLF4,False
CDH1,KLF4,False
CDKN1A,KLF4,False
CDKN1B,KLF4,False
CDKN1C,KLF4,False
CDX2,KLF4,False
GPA33,KLF4,False
HBA1,KLF4,False
HBA2,KLF4,False
HSPA8,KLF4,False
IL6,KLF4,False
BIRC5,KLF5,False
CCNB1,KLF5,False
CCND1,KLF5,False
CXCR4,KLF5,False
FASN,KLF5,False
FGFBP1,KLF5,False
HIF1A,KLF5,False
ITGB2,KLF5,False
ATF3,KLF6,False
CDKN1A,KLF6,False
CERS2,KLF6,False
CGB5,KLF6,False
CDH1,KLF8,False
EPSTI1,KLF8,False
AR,KLK3,False
ATM,KLRK1,False
EZH2,KPNB1,False
HOXA7,KRT10,False
EP300,KRT16,False
JUN,KRT16,False
ESR1,KRT19,False
KLF4,KRT19,False
FOXA1,KRT7,False
KLF4,LAMA1,False
KLF4,LAMA3,False
ETS1,LCK,False
ETS2,LCK,False
CDX2,LCT,False
HNF1A,LCT,False
HIF1A,LDHA,False
HSF1,LDHA,False
JUN,LDHA,False
EGR1,LDLR,False
HNF4A,LDLR,False
CLDN2,LEF1,False
ELANE,LEF1,False
CEBPA,LEP,False
HIF1A,LEP,False
KHDRBS1,LEP,False
JUN,LGALS3,False
EGR1,LHB,False
FSHB,LHX3,False
ERG,LMO2,False
FGF2,LMO2,False
ASCL1,LMO3,False
BMP7,LMO4,False
EGR1,LMTK2,False
HOPX,LOR,False
JUN,LOR,False
E2F1,LRBA,False
KLF15,LRP5,False
CREB1,LYL1,False
IL4,MAF,False
ITGB7,MAF,False
EGR1,MAML1,False
E2F1,MAP1LC3A,False
ATF1,MAP1LC3B,False
ATF4,MAP1LC3B,False
DDIT3,MAP1LC3B,False
E2F1,MAP3K5,False
JUN,MAPK8,False
CREB5,MAPKAPK3,False
JUN,MAT2A,False
IRF3,MAVS,False
HRAS,MAZ,False
CREB1,MC2R,False
CREM,MC2R,False
ATM,MCL1,False
E2F1,MCPH1,False
BRCA1,MDM2,False
DNMT3A,MDM2,False
ETS2,MDM2,False
JUND,MDM2,False
ELK1,MECOM,False
AURKA,MED1,False
KISS1,MED23,False
JUN,MEF2A,False
MAPK14,MEF2A,False
MAPK7,MEF2A,False
CPT1B,MEF2C,False
ISL1,MEF2C,False
JUN,MEF2C,False
ATF3,MEF2D,False
CD14,MEF2D,False
JUN,MEF2D,False
E2F1,MEFV,False
ELF1,MEIS1,False
CASP8,MEN1,False
CDKN1B,MEN1,False
CDX2,MEP1A,False
HIF1A,MET,False
HIF1A,MICA,False
HSF1,MICA,False
HSF1,MICB,False
HIF1A,MIF,False
ACP5,MITF,False
ATF1,MITF,False
CREB1,MITF,False
DCT,MITF,False
EWSR1,MITF,False
FOS,MITF,False
GPNMB,MITF,False
KIT,MITF,False
LEF1,MITF,False
COL1A1,MKL1,False
BACH1,MMP1,False
ETS1,MMP1,False
FOS,MMP1,False
JUN,MMP1,False
MEF2A,MMP10,False
ETS1,MMP13,False
HDAC9,MMP13,False
ING2,MMP13,False
JUN,MMP13,False
MAF,MMP13,False
CTNNB1,MMP14,False
EGR1,MMP14,False
EPAS1,MMP14,False
ETV4,MMP14,False
KLF8,MMP14,False
MAZ,MMP14,False
ATF2,MMP2,False
EZH2,MMP2,False
HIF1A,MMP2,False
HOXB7,MMP2,False
JUN,MMP2,False
KLF4,MMP2,False
JUN,MMP3,False
CTNNB1,MMP7,False
ETV4,MMP7,False
FOXA2,MMP7,False
HNF4A,MMP7,False
JUN,MMP7,False
LEF1,MMP7,False
EP300,MMP9,False
ETS1,MMP9,False
ETS2,MMP9,False
FOS,MMP9,False
JUN,MMP9,False
KLF5,MMP9,False
KLF8,MMP9,False
FLI1,MPL,False
GATA1,MPL,False
CTLA4,MSC,False
EPAS1,MSC,False
IFNG,MSC,False
IL2RA,MSC,False
MMP2,MSC,False
DNMT1,MSH2,False
ETS2,MSR1,False
JUN,MSR1,False
FOXE1,MSX1,False
HEY1,MSX1,False
E2F1,MT1G,False
ARNTL,MTA1,False
BCAS3,MTA1,False
BCL2L1,MTA1,False
CDKN2A,MTA1,False
EGFR,MTA1,False
GCLC,MTF1,False
HNF1A,MTTP,False
HNF4A,MTTP,False
GATA3,MUC1,False
ATOH1,MUC2,False
CDX2,MUC2,False
CREB1,MUC4,False
E2F1,MUC4,False
ELK1,MUC4,False
ETS1,MUC4,False
ETV4,MUC4,False
CREB1,MUC5AC,False
GLI1,MUC5AC,False
GLI2,MUC5AC,False
CREB5,MX1,False
BCL2,MYB,False
CCNA1,MYB,False
CDO1,MYB,False
CLEC4G,MYB,False
COL1A1,MYB,False
COL1A2,MYB,False
ETS1,MYB,False
FOSL2,MYB,False
GSTM1,MYB,False
IL15,MYB,False
IL7,MYB,False
JUND,MYB,False
KLF1,MYB,False
LMO2,MYB,False
MAT2A,MYB,False
E2F1,MYBL2,False
AATF,MYC,False
ASS1,MYC,False
BCL6,MYC,False
BMI1,MYC,False
CCND2,MYC,False
CCNE1,MYC,False
CD38,MYC,False
CDC25C,MYC,False
CDC34,MYC,False
CDK4,MYC,False
CDK6,MYC,False
CHEK1,MYC,False
CHEK2,MYC,False
CTCF,MYC,False
CTNNB1,MYC,False
CXCR4,MYC,False
E2F1,MYC,False
EBNA1BP2,MYC,False
FASLG,MYC,False
FOXM1,MYC,False
FUT3,MYC,False
GATA4,MYC,False
HDAC2,MYC,False
HLA-A,MYC,False
HLA-B,MYC,False
HLA-C,MYC,False
HLA-E,MYC,False
HLA-F,MYC,False
HLA-G,MYC,False
HNF4A,MYC,False
HNRNPA1,MYC,False
HNRNPA2B1,MYC,False
HOXA1,MYC,False
IGK,MYC,False
KRAS,MYC,False
LDHA,MYC,False
MME,MYC,False
MYBL2,MYC,False
LEF1,MYCBP,False
ABCC1,MYCN,False
BAX,MYCN,False
BIRC5,MYCN,False
BMI1,MYCN,False
CD44,MYCN,False
CDKN1A,MYCN,False
CTSD,MYCN,False
E2F1,MYCN,False
EFNB3,MYCN,False
HDAC2,MYCN,False
MCM10,MYCN,False
MCM2,MYCN,False
MCM3,MYCN,False
MCM4,MYCN,False
MCM5,MYCN,False
MCM6,MYCN,False
MCM7,MYCN,False
MCM8,MYCN,False
MYBL2,MYCN,False
ACTG2,MYOCD,False
HBEGF,MYOD1,False
MYEF2,MYOG,False
BLMH,MZF1,False
BCAR1,NAB2,False
EGR3,NAB2,False
CLOCK,NAMPT,False
JUN,NAMPT,False
FGF4,NANOG,False
KDR,NANOG,False
KLF4,NANOG,False
MTF2,NANOG,False
AR,NAT1,False
HSF1,NAT1,False
IRF9,NCAM1,False
IRF1,NCF2,False
IRF8,NCF2,False
CDKN1A,NCOA1,False
EPO,NCOA1,False
BCL2,NCOA3,False
EPO,NCOA3,False
MMP10,NCOA3,False
MMP7,NCOA3,False
AR,NCOA4,False
KLK3,NCOA4,False
FOS,NCOA6,False
HSF1,NCOA6,False
AR,NCOR1,False
AR,NCOR2,False
CREB1,NDC80,False
FOXD3,NDRG1,False
MYCN,NDRG1,False
FOS,NEFL,False
JUN,NEFL,False
CDKN1A,NELFCD,False
MYCN,NES,False
FOXA1,NF1,False
MYC,NF1,False
CD3G,NFATC1,False
ICAM1,NFATC1,False
LMO2,NFATC1,False
FOXP3,NFATC2,False
MDM2,NFATC2,False
CTSD,NFATC3,False
BRCA1,NFE2L2,False
CAT,NFE2L2,False
CFTR,NFE2L2,False
CXCL8,NFE2L2,False
HMOX1,NFE2L2,False
KRT16,NFE2L2,False
MTHFR,NFE2L2,False
CDKN1A,NFIB,False
MBP,NFIB,False
C4BPB,NFIC,False
CCL2,NFIC,False
CYP17A1,NFIC,False
FHL5,NFIC,False
HMGB1,NFIC,False
IRS2,NFIC,False
ABCB1,NFKB1,False
ABCG2,NFKB1,False
ADORA1,NFKB1,False
AGER,NFKB1,False
AMH,NFKB1,False
APEX1,NFKB1,False
B2M,NFKB1,False
BCL2,NFKB1,False
BCL2A1,NFKB1,False
BCL2L1,NFKB1,False
BCL3,NFKB1,False
BGN,NFKB1,False
BIRC2,NFKB1,False
BIRC3,NFKB1,False
BIRC5,NFKB1,False
BMP2,NFKB1,False
BRCA2,NFKB1,False
CCL11,NFKB1,False
CCL19,NFKB1,False
CCL2,NFKB1,False
CCL22,NFKB1,False
CCL3,NFKB1,False
CCL5,NFKB1,False
CCNB1,NFKB1,False
CCND1,NFKB1,False
CCND2,NFKB1,False
CCR2,NFKB1,False
CCR3,NFKB1,False
CCR7,NFKB1,False
CD3G,NFKB1,False
CD40,NFKB1,False
CD40LG,NFKB1,False
CD58,NFKB1,False
CD80,NFKB1,False
CD83,NFKB1,False
CD86,NFKB1,False
CDH1,NFKB1,False
CDK4,NFKB1,False
CEACAM1,NFKB1,False
CFI,NFKB1,False
CFLAR,NFKB1,False
CFTR,NFKB1,False
CRHR1,NFKB1,False
CRP,NFKB1,False
CSF1,NFKB1,False
CTSB,NFKB1,False
CXCL1,NFKB1,False
CXCL10,NFKB1,False
CXCL12,NFKB1,False
CXCL8,NFKB1,False
CXCR2,NFKB1,False
CXCR4,NFKB1,False
EBI3,NFKB1,False
EGFR,NFKB1,False
FAF1,NFKB1,False
FAS,NFKB1,False
FASLG,NFKB1,False
FGF8,NFKB1,False
FLT4,NFKB1,False
GATA3,NFKB1,False
GFAP,NFKB1,False
GSTP1,NFKB1,False
HBEGF,NFKB1,False
HPSE,NFKB1,False
HSD11B2,NFKB1,False
HYAL1,NFKB1,False
IFNA1,NFKB1,False
IFNB1,NFKB1,False
IFNG,NFKB1,False
IL10,NFKB1,False
IL12A,NFKB1,False
IL12B,NFKB1,False
IL17C,NFKB1,False
IL18,NFKB1,False
IL1RN,NFKB1,False
IL23A,NFKB1,False
IRF1,NFKB1,False
IRF4,NFKB1,False
IRF7,NFKB1,False
JUNB,NFKB1,False
KLK3,NFKB1,False
LCN2,NFKB1,False
LIPE,NFKB1,False
MAT2A,NFKB1,False
MMP1,NFKB1,False
MMP13,NFKB1,False
MMP14,NFKB1,False
MMP2,NFKB1,False
MMP9,NFKB1,False
MUC2,NFKB1,False
MYC,NFKB1,False
NAMPT,NFKB1,False
NCAM1,NFKB1,False
CCL21,NFKB2,False
CCND2,NFKB2,False
CDK6,NFKB2,False
NFKB1,NFKBIA,False
JUN,NFRKB,False
CBS,NFYA,False
CCND2,NFYA,False
CDKN1B,NFYA,False
CYP2A6,NFYA,False
FXR2,NFYA,False
GADD45A,NFYA,False
HOXB4,NFYA,False
CCND2,NFYB,False
CDKN1B,NFYB,False
FXR2,NFYB,False
CCND2,NFYC,False
CDKN1B,NFYC,False
FXR2,NFYC,False
ASCL1,NHLH2,False
MAOA,NHLH2,False
ACTG2,NKX3-1,False
AR,NKX3-1,False
ETS1,NKX3-1,False
MSX2,NKX3-1,False
LMX1B,NLRP2,False
NFKB1,NLRP2,False
NFKB1,NOD2,False
MYC,NOL7,False
CREB1,NOLC1,False
NFKB1,NOLC1,False
NFKB1,NOS1,False
APC,NOS2,False
FOS,NOS2,False
FOSL2,NOS2,False
JUN,NOS2,False
JUND,NOS2,False
MTA1,NOS2,False
NFKB1,NOS2,False
GATA2,NOS3,False
GATA4,NOS3,False
KLF2,NOS3,False
NFKB1,NOS3,False
MSX1,NOTCH3,False
E2F1,NOX4,False
NFKB1,NOX4,False
JUN,NOX5,False
E2F1,NPAT,False
HNF4A,NPC1L1,False
CDKN1A,NPM1,False
GATA4,NPPA,False
HAND2,NPPA,False
NKX2-2,NPPA,False
NFE2L1,NQO1,False
ESRRG,NR0B1,False
NOS1,NR0B1,False
ATF6,NR0B2,False
CLOCK,NR0B2,False
EP300,NR0B2,False
ABCA1,NR1H2,False
ABCG1,NR1H2,False
ABCG4,NR1H2,False
ABCA1,NR1H3,False
ABCG1,NR1H3,False
ABCG4,NR1H3,False
BHLHE40,NR1H3,False
ABCB4,NR1H4,False
FABP6,NR1H4,False
INS,NR1H4,False
KRT13,NR1H4,False
NFKB1,NR1H4,False
ABCB1,NR1I2,False
BCL2,NR1I2,False
BCL2L1,NR1I2,False
CORO1C,NR1I2,False
CYP3A4,NR1I2,False
DR1,NR1I2,False
FGF19,NR1I2,False
FOSL1,NR1I2,False
HNF4A,NR1I2,False
IL10,NR1I2,False
KLF6,NR1I2,False
NR1H4,NR1I2,False
CYP2B6,NR1I3,False
LHCGR,NR2C2,False
CRX,NR2E3,False
BAD,NR3C1,False
BAX,NR3C1,False
BRCA1,NR3C1,False
CALD1,NR3C1,False
CDKN1A,NR3C1,False
CYP19A1,NR3C1,False
CCR5,NR3C2,False
CCR6,NR3C2,False
CD40,NR3C2,False
EGFR,NR3C2,False
CDKN1B,NR4A1,False
E2F1,NR4A1,False
HIF1A,NR4A1,False
HSD3B2,NR4A1,False
MMP2,NR4A1,False
AMH,NR5A1,False
CYP17A1,NR5A1,False
CYP19A1,NR5A1,False
HSD3B2,NR5A1,False
MC2R,NR5A1,False
ABCG5,NR5A2,False
ABCG8,NR5A2,False
CETP,NR5A2,False
CREB1,NR5A2,False
CYP11B1,NR5A2,False
FOXA2,NR5A2,False
HSD3B2,NR5A2,False
LEF1,NRCAM,False
CAPNS1,NRF1,False
CXCR4,NRF1,False
ESR1,NRF1,False
FXR2,NRF1,False
IDE,NRF1,False
MEF2A,NRF1,False
E2F1,NRIP1,False
ESRRA,NRIP1,False
NR2E3,NRL,False
HIF1A,NT5E,False
ATF6,NUCB1,False
ATF4,NUPR1,False
CDKN1A,NUPR1,False
HLTF,OCA2,False
LEF1,OCA2,False
MITF,OCA2,False
HEY1,OCLN,False
MAX,ODC1,False
MYC,ODC1,False
NFYA,OGG1,False
HR,OLR1,False
MITF,ONECUT2,False
NFKB1,OPTN,False
BEST1,OTX1,False
AURKA,OTX2,False
BEST1,OTX2,False
CDC25C,OTX2,False
IGF1,OTX2,False
IL6,OTX2,False
CEBPB,OXTR,False
AGR2,PA2G4,False
MZF1,PADI1,False
GATA3,PAEP,False
CDH1,PARP1,False
E2F1,PARP1,False
ETS1,PARP1,False
NOV,PAWR,False
BCL2L1,PAX3,False
CXCR4,PAX3,False
MITF,PAX3,False
BAX,PAX5,False
CDKN1A,PAX5,False
FHL2,PAX5,False
LEF1,PAX5,False
MET,PAX5,False
MYCN,PAX5,False
CTCF,PAX6,False
FABP7,PAX6,False
MET,PAX6,False
OTX2,PAX6,False
E2F1,PAX8,False
NCAM1,PAX8,False
HOXB1,PBX1,False
NANOG,PBX1,False
NR0B1,PBX1,False
NR5A1,PBX1,False
EMX2,PBX2,False
AR,PC,False
MAFA,PC,False
HOXA7,PCGF2,False
CEBPB,PCK2,False
AHR,PCNA,False
CDX1,PCNA,False
E2F1,PCNA,False
EZH2,PCNA,False
ATF1,PCSK1,False
CREB1,PCSK1,False
EGR1,PCSK2,False
E2F1,PCSK6,False
HNF4A,PCSK9,False
HOXB7,PDGFA,False
EGR1,PDGFC,False
GLI1,PDGFRA,False
GCK,PDX1,False
INS,PDX1,False
ARNTL,PER1,False
BCL2,PER1,False
CLOCK,PER1,False
ARNTL,PER2,False
CLOCK,PER2,False
ARNTL,PER3,False
CLOCK,PER3,False
ETS1,PF4,False
MEIS1,PF4,False
PBX2,PF4,False
KLF4,PFKP,False
GCM1,PGF,False
HIF1A,PGK1,False
BCL2,PGR,False
DUSP1,PGR,False
E2F1,PGR,False
ESR1,PGR,False
HLTF,PGR,False
HOXA5,PGR,False
KLK4,PGR,False
HAND2,PHOX2A,False
ALK,PHOX2B,False
DBH,PHOX2B,False
FABP2,PIAS1,False
AR,PIAS2,False
ATF1,PIAS3,False
ABL1,PIM1,False
ERG,PIM1,False
LEF1,PITX2,False
LHX6,PITX2,False
MIP,PITX3,False
ESR1,PLAC1,False
ABCC6,PLAG1,False
CRLF1,PLAG1,False
IGF2,PLAG1,False
ABCC6,PLAGL1,False
IGF2,PLAGL2,False
METAP2,PLAGL2,False
NCF2,PLAGL2,False
ATF2,PLAT,False
JUN,PLAT,False
ATF4,PLAU,False
EGR1,PLAU,False
ILF3,PLAU,False
NFKB1,PLAU,False
EGR1,PLAUR,False
FOXP2,PLAUR,False
JUN,PLAUR,False
NFKB1,PLAUR,False
CTNNB1,PLD1,False
NFKB1,PLIN1,False
E2F1,PLK1,False
ESR1,PMAIP1,False
MYC,PMAIP1,False
ARID3A,PML,False
BAX,PML,False
CASP3,PML,False
CDKN1A,PML,False
EP300,PML,False
FLT3,PML,False
GRIP1,PML,False
HIPK2,PML,False
IFNB1,PML,False
IRF9,PML,False
ATF2,POLB,False
HSF1,POLK,False
NFKBIA,PON2,False
GH2,POU1F1,False
GHR,POU1F1,False
HMGA1,POU1F1,False
HMGA2,POU1F1,False
LHX2,POU1F1,False
LHX4,POU1F1,False
IGH,POU2AF1,False
CCND1,POU2F1,False
GADD45A,POU2F1,False
IL2,POU2F1,False
LCT,POU2F1,False
LGALS4,POU2F1,False
MAD2L1,POU2F1,False
GNRH1,POU3F2,False
HSP90AA1,POU4F1,False
CCND1,POU4F2,False
HSP90AA1,POU4F2,False
CEBPD,POU5F1,False
FGF4,POU5F1,False
ITGA6,POU5F1,False
LEFTY1,POU5F1,False
NANOG,POU5F1,False
ANGPTL4,PPARA,False
APOB,PPARA,False
CETP,PPARA,False
CYP1A1,PPARA,False
LPL,PPARA,False
NFKBIA,PPARA,False
PDK4,PPARA,False
CAT,PPARD,False
JUN,PPARD,False
LPL,PPARD,False
PDK4,PPARD,False
ABCG2,PPARG,False
ACAT1,PPARG,False
ADIPOQ,PPARG,False
BAD,PPARG,False
BRS3,PPARG,False
CD36,PPARG,False
CD83,PPARG,False
CDKN1A,PPARG,False
CDX1,PPARG,False
CEBPD,PPARG,False
CIITA,PPARG,False
CPT1B,PPARG,False
E2F1,PPARG,False
ERO1A,PPARG,False
ERP44,PPARG,False
FABP4,PPARG,False
FASLG,PPARG,False
GK,PPARG,False
LIPE,PPARG,False
PLIN2,PPARG,False
POU2F1,PPARG,False
ALDOB,PPARGC1A,False
APOA5,PPARGC1A,False
CRTC1,PPARGC1A,False
CYP7A1,PPARGC1A,False
MFN2,PPARGC1A,False
MITF,PPARGC1A,False
OTC,PPARGC1A,False
PCK2,PPARGC1A,False
E2F1,PPP1R13B,False
CREB1,PPP2CA,False
CREB1,PPP2R2B,False
CEBPB,PRDM1,False
POU5F1,PRDM14,False
MYC,PRDX3,False
NRF1,PRDX3,False
NRF1,PRDX5,False
GATA1,PRG2,False
ETS1,PRL,False
LHX2,PRL,False
PITX1,PRL,False
PITX2,PRL,False
POU1F1,PRL,False
MTF1,PRNP,False
ONECUT1,PROC,False
CCNE1,PROX1,False
CDKN1B,PROX1,False
NFKB1,PROX1,False
PAX6,PROX1,False
CEBPB,PRSS50,False
CREB1,PSEN1,False
ELK1,PSEN1,False
KLF6,PSG3,False
IRF1,PSMB9,False
CIITA,PSMC5,False
CREBBP,PSMC5,False
NFKB1,PTAFR,False
NR1I2,PTAFR,False
MYC,PTBP1,False
AR,PTEN,False
EGR1,PTEN,False
NFKB1,PTEN,False
PPARG,PTEN,False
NFKB1,PTGDS,False
EGR1,PTGES,False
HIF1A,PTGES,False
NFKB1,PTGES,False
POU2F1,PTGIR,False
KLF10,PTGS1,False
CDX1,PTGS2,False
CEBPB,PTGS2,False
CREB1,PTGS2,False
DR1,PTGS2,False
EP300,PTGS2,False
ETV4,PTGS2,False
FOS,PTGS2,False
HDAC1,PTGS2,False
HDAC4,PTGS2,False
HMGA1,PTGS2,False
JUNB,PTGS2,False
JUND,PTGS2,False
NFKB1,PTGS2,False
NR0B2,PTGS2,False
PPARA,PTGS2,False
PPARG,PTGS2,False
GCM2,PTH,False
ETS1,PTHLH,False
NFKB1,PTHLH,False
IDO1,PTMA,False
IDO2,PTMA,False
JUN,PTN,False
NPM1,PTPN6,False
PKNOX1,PTPN6,False
CCNB1,PTTG1,False
CDC42,PTTG1,False
CDK1,PTTG1,False
DOCK1,PTTG1,False
ID3,PTTG1,False
KDR,PTTG1,False
LGALS1,PTTG1,False
MYC,PTTG1,False
PTTG1,PTTG1IP,False
ATM,PVR,False
NR1I2,RAB3A,False
PTTG1,RAC1,False
CDKN1A,RARA,False
CRABP1,RARA,False
CRABP2,RARA,False
CRH,RARA,False
CXCR5,RARA,False
ESR1,RARA,False
FGFBP1,RARA,False
HSD17B2,RARA,False
ICAM1,RARA,False
NR1I3,RARA,False
PRKCA,RARA,False
FOXD3,RARB,False
JUN,RARB,False
PPARG,RARB,False
RARA,RARB,False
ICAM1,RARG,False
CTCF,RARRES1,False
E2F1,RASGEF1B,False
E2F1,RASGRP1,False
CDKN1A,RB1,False
E2F1,RB1,False
EBNA1BP2,RB1,False
KAT2B,RB1,False
RB1,RB1CC1,False
EGR1,RBL2,False
NAB2,RBL2,False
E2F1,RBM38,False
CRX,RBP3,False
OTX2,RBP3,False
IL6,RBPJ,False
HDAC1,RECK,False
BCL2A1,REL,False
BIRC3,REL,False
CCL2,REL,False
CDKN1A,REL,False
CSRP1,REL,False
IL1B,REL,False
IL2RA,REL,False
ABCB1,RELA,False
ABCG2,RELA,False
ADORA1,RELA,False
AGER,RELA,False
AMH,RELA,False
APEX1,RELA,False
ATF2,RELA,False
BAD,RELA,False
BCL2,RELA,False
BCL2A1,RELA,False
BCL3,RELA,False
BGN,RELA,False
BIRC2,RELA,False
BIRC3,RELA,False
BIRC5,RELA,False
BRCA2,RELA,False
CCL11,RELA,False
CCL2,RELA,False
CCL20,RELA,False
CCL22,RELA,False
CCL3,RELA,False
CCL5,RELA,False
CCNB1,RELA,False
CCND1,RELA,False
CCND2,RELA,False
CCR2,RELA,False
CCR3,RELA,False
CD40,RELA,False
CD58,RELA,False
CD80,RELA,False
CD83,RELA,False
CD86,RELA,False
CDH1,RELA,False
CDK4,RELA,False
CDK6,RELA,False
CDKN1A,RELA,False
CFI,RELA,False
CFLAR,RELA,False
CRHR1,RELA,False
CRP,RELA,False
CSF1,RELA,False
CTSB,RELA,False
CXCL10,RELA,False
CXCL12,RELA,False
CXCL8,RELA,False
CXCR4,RELA,False
EBI3,RELA,False
EGFR,RELA,False
EPAS1,RELA,False
FAF1,RELA,False
FAS,RELA,False
FASLG,RELA,False
FLT4,RELA,False
FOXP3,RELA,False
GFAP,RELA,False
GSTP1,RELA,False
GTF2B,RELA,False
HBEGF,RELA,False
HLA-A,RELA,False
HPSE,RELA,False
HSD11B2,RELA,False
HYAL1,RELA,False
ICAM1,RELA,False
IFNA1,RELA,False
IFNB1,RELA,False
IL10,RELA,False
IL12A,RELA,False
IL12B,RELA,False
IL17C,RELA,False
IL18,RELA,False
IL1B,RELA,False
IL1RN,RELA,False
IL2,RELA,False
IL6,RELA,False
IRF1,RELA,False
IRF4,RELA,False
IRF7,RELA,False
JUNB,RELA,False
LCN2,RELA,False
LIPE,RELA,False
LPL,RELA,False
MCL1,RELA,False
MMP12,RELA,False
MMP13,RELA,False
MMP14,RELA,False
MMP2,RELA,False
MMP9,RELA,False
MYC,RELA,False
NAMPT,RELA,False
NFKB1,RELA,False
NFKBIA,RELA,False
NLRP2,RELA,False
NOLC1,RELA,False
NOS1,RELA,False
NOS2,RELA,False
NOS3,RELA,False
NOX4,RELA,False
NOX5,RELA,False
OPTN,RELA,False
PLAUR,RELA,False
PLIN1,RELA,False
PROX1,RELA,False
PTAFR,RELA,False
PTGES,RELA,False
PTHLH,RELA,False
CCL19,RELB,False
CCL21,RELB,False
PIGR,RELB,False
AVP,REST,False
GLRA1,REST,False
ATF2,RETN,False
PPARG,RETN,False
AHR,RFC3,False
COL1A2,RFX1,False
NFKB1,RGS4,False
RELA,RGS4,False
NR2E3,RHO,False
PTTG1,RHOA,False
JUN,RHOB,False
ETS1,RHOC,False
NFKB1,RIPK2,False
RELA,RIPK2,False
HNF4A,RNASE2,False
BRCA1,RNASEL,False
AES,RND3,False
CCND1,RNF14,False
NR1D1,RORA,False
NR3C1,RPS6KA3,False
E2F1,RRM1,False
E2F1,RRM2,False
CRX,RS1,False
FOXQ1,RSPO2,False
ATF6,RTN3,False
DDIT3,RTN3,False
BAALC,RUNX1,False
CCL3,RUNX1,False
CD34,RUNX1,False
IL2,RUNX1,False
ITGA2B,RUNX1,False
JUN,RUNX1,False
LGALS3,RUNX1,False
MECOM,RUNX1,False
PF4,RUNX1,False
ELANE,RUNX2,False
IBSP,RUNX2,False
LGALS3,RUNX2,False
CAPN10,RUNX3,False
CASP2,RUNX3,False
CASP3,RUNX3,False
CASP7,RUNX3,False
CASP8,RUNX3,False
CDKN1A,RUNX3,False
CLDN7,RUNX3,False
CLEC4G,RUNX3,False
DNASE1,RUNX3,False
EHMT2,RUNX3,False
FADD,RUNX3,False
HDAC1,RUNX3,False
ING1,RUNX3,False
ING4,RUNX3,False
ABCA1,RXRA,False
CPT1B,RXRA,False
HSD17B2,RXRA,False
IL2RA,RXRA,False
IL2RB,RXRA,False
IL2RG,RXRA,False
NOL7,RXRA,False
BRCA1,S100A2,False
PTTG1,S100A4,False
CEBPB,S100A9,False
CEBPB,SAA2,False
RELA,SAA2,False
ABCA3,SALL4,False
HOXA9,SALL4,False
ABCA3,SALL4A,False
PPARD,SAT1,False
PPARG,SAT1,False
BCL2,SATB1,False
GATA3,SATB1,False
HBE1,SATB1,False
IL4,SATB1,False
MKI67,SATB1,False
NR1H4,SCARB1,False
RARA,SCD,False
MLLT3,SCNN1A,False
NFKB1,SDC1,False
RELA,SDC1,False
NFKB1,SELE,False
REL,SELE,False
RELA,SELE,False
NFKB2,SELP,False
NFKB1,SERPINB1,False
RELA,SERPINB1,False
E2F1,SERPINB5,False
CEBPA,SERPINC1,False
ARNTL2,SERPINE1,False
EPAS1,SERPINE1,False
ESR1,SERPINE1,False
HSF1,SERPINE1,False
KLF10,SERPINE1,False
NFKB1,SERPINE1,False
PARP1,SERPINE1,False
RELA,SERPINE1,False
MITF,SERPINF1,False
SERTAD1,SET,False
AMH,SF1,False
MC2R,SF1,False
GLI1,SFRP1,False
FOXA1,SFTPB,False
FOXM1,SFTPB,False
NKX2-1,SFTPB,False
PLAGL2,SFTPC,False
CEBPA,SFTPD,False
CEBPB,SFTPD,False
CEBPG,SFTPD,False
RB1,SFTPD,False
HNF4A,SHBG,False
FGFR3,SHOX,False
NPPB,SHOX,False
GATA4,SI,False
PIAS1,SI,False
ATF4,SIGMAR1,False
CASP3,SIM2,False
ABCB1,SIRT1,False
ACAN,SIRT1,False
ATF4,SIRT1,False
BRCA1,SIRT1,False
CFLAR,SIRT1,False
ESRRG,SIRT1,False
FOXL2,SIRT1,False
FOXO3,SIRT1,False
GTF2I,SIRT1,False
HIF1A,SIRT1,False
HSF1,SIRT1,False
HYOU1,SIRT1,False
NBN,SIRT1,False
PER1,SIRT1,False
RELA,SIRT1,False
AFP,SIRT2,False
FOXO3,SIRT6,False
E2F1,SIVA1,False
PAX6,SIX3,False
PROX1,SIX3,False
FHL2,SKI,False
MDM2,SKI,False
E2F1,SKP2,False
CDX2,SLC15A1,False
CEBPB,SLC19A1,False
ATF1,SLC20A1,False
CREB1,SLC20A1,False
HNF1A,SLC22A10,False
NFKB1,SLC25A27,False
RELA,SLC25A27,False
ETS1,SLC26A3,False
HDAC5,SLC2A1,False
HIF1A,SLC2A1,False
HMGA1,SLC2A3,False
MEF2A,SLC2A4,False
SLC2A4,SLC2A4RG,False
NFIC,SLC34A2,False
PAX8,SLC3A1,False
NRF1,SLC46A1,False
EGR1,SLC4A2,False
CREM,SLC5A5,False
HHEX,SLC5A5,False
PAX8,SLC5A5,False
PPARG,SLC5A5,False
CEBPB,SLC5A8,False
NRIP1,SLC7A1,False
EGR1,SLC9A3,False
APOC3,SMAD3,False
BAMBI,SMAD3,False
CCND2,SMAD3,False
FOXP3,SMAD3,False
FST,SMAD3,False
SERPINE1,SMAD3,False
BAMBI,SMAD4,False
CDKN1A,SMAD4,False
RUNX1T1,SMAD4,False
SERPINE1,SMAD4,False
CREB1,SMAD6,False
FOS,SMAD7,False
JUN,SMAD7,False
MET,SMAD7,False
MYC,SMAD7,False
CDKN2A,SMARCA1,False
ABCG2,SMARCA4,False
CDH1,SMARCA4,False
CDKN2A,SMARCA4,False
MECOM,SMARCA4,False
CDKN2A,SMARCB1,False
GLI3,SMO,False
NFIC,SMUG1,False
HBEGF,SNAI1,False
ID2,SNAI1,False
MTA1,SNAI1,False
NFKB1,SNAI1,False
RELA,SNAI1,False
CD44,SNAI2,False
CXCL12,SNAI2,False
CXCR4,SNAI2,False
JAG1,SNAI2,False
MMP9,SNAI2,False
MTA1,SNAI2,False
POU2F1,SNAI2,False
POU5F1,SNAI2,False
RUNX2,SNAI2,False
AGTR1,SND1,False
NFKB2,SND1,False
GLI1,SOCS1,False
GLI2,SOCS1,False
HIF1A,SOCS1,False
IRF1,SOCS1,False
IRF1,SOCS2,False
IRF3,SOCS2,False
CEBPA,SOCS3,False
CEBPD,SOD1,False
EGR1,SOD1,False
MSX2,SOD1,False
MTF1,SOD1,False
PPARD,SOD1,False
FOXO4,SOD2,False
NFE2L2,SOD2,False
NFKB1,SOD2,False
REL,SOD2,False
RELA,SOD2,False
NANOG,SOX1,False
COL11A2,SOX10,False
GJB1,SOX10,False
MIA,SOX10,False
RET,SOX10,False
FOXA2,SOX14,False
HNF4A,SOX17,False
NFYA,SOX18,False
NFYB,SOX18,False
NFYC,SOX18,False
ABCC3,SOX2,False
ABCC6,SOX2,False
ASXL1,SOX2,False
DKK1,SOX2,False
ITGA6,SOX2,False
LHX3,SOX2,False
MMP3,SOX2,False
NTRK3,SOX2,False
PAX6,SOX2,False
PGA5,SOX2,False
POU5F1,SOX2,False
HDAC8,SOX4,False
JUND,SOX4,False
NCAM1,SOX4,False
CDKN1A,SOX6,False
FOS,SOX7,False
JUN,SOX7,False
AMH,SOX9,False
AR,SOX9,False
BEST1,SOX9,False
CDK4,SOX9,False
CDKN1A,SOX9,False
COL2A1,SOX9,False
DCC,SOX9,False
HES1,SOX9,False
MIA,SOX9,False
NR5A1,SOX9,False
RXFP2,SOX9,False
ABCA1,SP1,False
ABCB1,SP1,False
ABCB8,SP1,False
ABCC3,SP1,False
ADAM10,SP1,False
ADAM17,SP1,False
ADAM23,SP1,False
ADGRE5,SP1,False
ADIPOQ,SP1,False
ADRA2B,SP1,False
AGTR1,SP1,False
ALOX12,SP1,False
ALOX5,SP1,False
APLNR,SP1,False
APP,SP1,False
AR,SP1,False
ARF6,SP1,False
ATP2A2,SP1,False
ATP2C1,SP1,False
B4GALT1,SP1,False
B4GALT5,SP1,False
BACE1,SP1,False
BLMH,SP1,False
BRD7,SP1,False
BSG,SP1,False
CA9,SP1,False
CCL2,SP1,False
CCND1,SP1,False
CCND2,SP1,False
CD14,SP1,False
CD151,SP1,False
CD1D,SP1,False
CD2AP,SP1,False
CD44,SP1,False
CDK4,SP1,False
CDKN1A,SP1,False
CDKN1B,SP1,False
CDKN2A,SP1,False
CENPH,SP1,False
CERS2,SP1,False
CHST4,SP1,False
CLDN3,SP1,False
COL11A2,SP1,False
COL2A1,SP1,False
CREM,SP1,False
CTGF,SP1,False
CTSL,SP1,False
CXCL14,SP1,False
CYP1B1,SP1,False
CYP27A1,SP1,False
DBF4,SP1,False
DHCR24,SP1,False
DNASE2,SP1,False
DNMT1,SP1,False
DNMT3A,SP1,False
DNMT3B,SP1,False
EAPP,SP1,False
EDNRB,SP1,False
EGR1,SP1,False
ELF4,SP1,False
ELMO3,SP1,False
ENG,SP1,False
EPO,SP1,False
ERBB2,SP1,False
ERVW-1,SP1,False
EZR,SP1,False
FAS,SP1,False
FASLG,SP1,False
FMR1,SP1,False
FOXM1,SP1,False
FXR2,SP1,False
GAST,SP1,False
GCLC,SP1,False
GFER,SP1,False
GJA1,SP1,False
GRK2,SP1,False
GSTP1,SP1,False
HBEGF,SP1,False
HCN2,SP1,False
HCN4,SP1,False
HDAC4,SP1,False
HGF,SP1,False
HIST2H4A,SP1,False
HMGA1,SP1,False
HPR,SP1,False
HRAS,SP1,False
HSD17B1,SP1,False
HSD17B11,SP1,False
HSD17B2,SP1,False
HSD3B1,SP1,False
HTT,SP1,False
IGF2,SP1,False
IGFBP3,SP1,False
IL10,SP1,False
IL6,SP1,False
INSR,SP1,False
IRS2,SP1,False
ITGA5,SP1,False
ITGAD,SP1,False
KCNQ2,SP1,False
KISS1,SP1,False
KRT16,SP1,False
KRT19,SP1,False
KRT5,SP1,False
LDHA,SP1,False
LDLR,SP1,False
LEP,SP1,False
LOR,SP1,False
LOXL4,SP1,False
LRP5,SP1,False
MACROD1,SP1,False
MAT2A,SP1,False
MDM2,SP1,False
MET,SP1,False
MICA,SP1,False
MICB,SP1,False
MIF,SP1,False
MMP11,SP1,False
MMP14,SP1,False
MMP2,SP1,False
MMP9,SP1,False
MMRN1,SP1,False
MPO,SP1,False
MTA1,SP1,False
MUC2,SP1,False
MUC5AC,SP1,False
MUC6,SP1,False
MYCN,SP1,False
NDUFV1,SP1,False
NDUFV2,SP1,False
NFKB1,SP1,False
NOS3,SP1,False
P4HA1,SP1,False
PADI1,SP1,False
PDIA2,SP1,False
PGR,SP1,False
PHGDH,SP1,False
PON1,SP1,False
POR,SP1,False
PPL,SP1,False
PPP2R2B,SP1,False
PRM1,SP1,False
PRNP,SP1,False
PTGIR,SP1,False
PTGS2,SP1,False
PTHLH,SP1,False
RARA,SP1,False
RASSF1,SP1,False
RECK,SP1,False
RECQL4,SP1,False
RELA,SP1,False
RORA,SP1,False
SERPINE1,SP1,False
SKP2,SP1,False
SLC19A1,SP1,False
SLC19A3,SP1,False
SLC39A8,SP1,False
SLC5A8,SP1,False
SMPD1,SP1,False
SOD1,SP1,False
SOX9,SP1,False
IRF9,SP100,False
DNMT3A,SP2,False
DNMT3B,SP2,False
ALOX12,SP3,False
ALPL,SP3,False
BSG,SP3,False
CD2AP,SP3,False
CDKN1A,SP3,False
CENPH,SP3,False
CNMD,SP3,False
COL11A2,SP3,False
COL2A1,SP3,False
CTSL,SP3,False
CYP27A1,SP3,False
DNASE2,SP3,False
ERBB2,SP3,False
HBEGF,SP3,False
HDAC4,SP3,False
HGF,SP3,False
HSD17B2,SP3,False
IGFBP3,SP3,False
ITGAD,SP3,False
KDR,SP3,False
KLK3,SP3,False
MSH6,SP3,False
MUC6,SP3,False
MYCN,SP3,False
NFKB1,SP3,False
NFYA,SP3,False
NOS3,SP3,False
NOX4,SP3,False
OPRM1,SP3,False
PADI1,SP3,False
RASSF1,SP3,False
RELA,SP3,False
RORA,SP3,False
SLC19A3,SP3,False
ASS1,SP4,False
ERBB2,SP4,False
KDR,SP4,False
MAOB,SP4,False
NFKB1,SP4,False
RELA,SP4,False
COL11A2,SP7,False
SATB1,SPARC,False
NRF1,SPAST,False
SOX11,SPAST,False
CDH1,SPDEF,False
RETNLB,SPDEF,False
SERPINB5,SPDEF,False
DMPK,SPEN,False
ACP5,SPI1,False
ALOX15,SPI1,False
CCL2,SPI1,False
CD40,SPI1,False
CLEC4G,SPI1,False
CSF3R,SPI1,False
CTSS,SPI1,False
CXCR1,SPI1,False
CYBB,SPI1,False
FCER1A,SPI1,False
GATA1,SPI1,False
IFIT3,SPI1,False
IL1B,SPI1,False
IL5,SPI1,False
ITGAM,SPI1,False
JUN,SPI1,False
NCF2,SPI1,False
PEBP1,SPI1,False
PRG2,SPI1,False
PTGIR,SPI1,False
RNASE2,SPI1,False
RUNX1,SPI1,False
SATB1,SPI1,False
CD40,SPIB,False
IL4,SPIC,False
SPDEF,SPINK4,False
SP1,SPN,False
CEBPA,SPP1,False
ERG,SPP1,False
FOXD3,SPP1,False
POU5F1,SPP1,False
EHF,SPRR1B,False
ELF3,SPRR1B,False
ELF3,SPRR2A,False
SPDEF,SQSTM1,False
KLK3,SRCAP,False
ACLY,SREBF1,False
FAS,SREBF1,False
LDLR,SREBF1,False
NR0B2,SREBF1,False
PCSK9,SREBF1,False
SCD5,SREBF1,False
SP1,SREBF1,False
ACOT7,SREBF2,False
HMGCR,SREBF2,False
LDLR,SREBF2,False
PCSK9,SREBF2,False
PON1,SREBF2,False
PON2,SREBF2,False
FOSL1,SRF,False
MMP2,SRF,False
PLAU,SRF,False
PLG,SRF,False
SMN1,SRF,False
FOS,SRR,False
MYC,SRSF1,False
ETV2,SRY,False
NR5A1,SRY,False
SOX9,SRY,False
LAMB1,SSB,False
MYC,ST3GAL1,False
MYC,ST3GAL3,False
ATF2,ST3GAL5,False
CEBPB,STAR,False
CLOCK,STAR,False
NR5A1,STAR,False
NR5A2,STAR,False
SP1,STARD3,False
CTNNB1,STARD7,False
NR5A1,STARD7,False
BRCA1,STAT1,False
CCL3,STAT1,False
CCR1,STAT1,False
CD22,STAT1,False
CD40,STAT1,False
CD40LG,STAT1,False
CDKN1A,STAT1,False
CEBPE,STAT1,False
CFTR,STAT1,False
CIITA,STAT1,False
EDN1,STAT1,False
GAST,STAT1,False
HMOX1,STAT1,False
IFNG,STAT1,False
IL1B,STAT1,False
IRF1,STAT1,False
IRF7,STAT1,False
JAK2,STAT1,False
KRT17,STAT1,False
LY96,STAT1,False
MUC1,STAT1,False
MUC4,STAT1,False
MVP,STAT1,False
NOS2,STAT1,False
NOX5,STAT1,False
OPRM1,STAT1,False
PML,STAT1,False
PPARA,STAT1,False
PTGS2,STAT1,False
S100A10,STAT1,False
BRCA1,STAT2,False
NOS2,STAT2,False
PTGS2,STAT2,False
STAT1,STAT2,False
AKAP12,STAT3,False
BCL2,STAT3,False
BCL2L1,STAT3,False
BCL6,STAT3,False
BIRC5,STAT3,False
CCL11,STAT3,False
CCL2,STAT3,False
CCND1,STAT3,False
CCND3,STAT3,False
CD46,STAT3,False
CDK4,STAT3,False
CDKN1A,STAT3,False
CFB,STAT3,False
CHI3L1,STAT3,False
CISH,STAT3,False
CSRP1,STAT3,False
DNMT1,STAT3,False
EGFR,STAT3,False
ESR2,STAT3,False
ETV6,STAT3,False
F2R,STAT3,False
FAAH,STAT3,False
FAS,STAT3,False
FGF2,STAT3,False
FGG,STAT3,False
FLT3,STAT3,False
FOS,STAT3,False
GAST,STAT3,False
GFAP,STAT3,False
HAMP,STAT3,False
HGF,STAT3,False
HIF1A,STAT3,False
HMOX1,STAT3,False
HSPA4,STAT3,False
HSPB1,STAT3,False
IFNAR1,STAT3,False
IKBKE,STAT3,False
IL10,STAT3,False
IL1RN,STAT3,False
IL2,STAT3,False
IL21,STAT3,False
IL6,STAT3,False
JAK2,STAT3,False
JUNB,STAT3,False
KLF11,STAT3,False
KRT17,STAT3,False
LEP,STAT3,False
MCL1,STAT3,False
MMP2,STAT3,False
MMP7,STAT3,False
MUC1,STAT3,False
MUC4,STAT3,False
MYC,STAT3,False
NANOG,STAT3,False
NME1,STAT3,False
NOX5,STAT3,False
OPRM1,STAT3,False
PIAS3,STAT3,False
PIM1,STAT3,False
PPARA,STAT3,False
PRDM1,STAT3,False
PSMB5,STAT3,False
PTEN,STAT3,False
PTGS2,STAT3,False
PTPN13,STAT3,False
S100A11,STAT3,False
SALL4,STAT3,False
SHH,STAT3,False
SOCS1,STAT3,False
SOCS3,STAT3,False
STAT1,STAT3,False
MYC,STAT4,False
PRF1,STAT4,False
IFNG,STAT5A,False
BCL2L1,STAT5B,False
IGF1,STAT5B,False
ALOX15,STAT6,False
CCL11,STAT6,False
CCL17,STAT6,False
CCL26,STAT6,False
CNR1,STAT6,False
COL1A1,STAT6,False
COL1A2,STAT6,False
CYP2E1,STAT6,False
FCER2,STAT6,False
FOS,STAT6,False
HSD3B2,STAT6,False
IL1R1,STAT6,False
PTGS2,STAT6,False
RHOA,STAT6,False
SELP,STAT6,False
EGR1,STIM1,False
NR1H4,STK11,False
NFKB1,STK39,False
RELA,STK39,False
JUN,STMN1,False
STAT3,STS,False
IL1B,SUGP1,False
GATA6,SULT2A1,False
MED1,SULT2A1,False
SF1,SULT2A1,False
MTA1,SUMO2,False
NEDD4L,SUPT3H,False
MYC,SURF1,False
MYC,SURF2,False
PKNOX1,SYP,False
ESR1,TAC3,False
AR,TAF1,False
CDKN1A,TAF1,False
ATF7,TAF12,False
NPM1,TAF1A,False
SP1,TAF7,False
SRF,TAGLN,False
ALDH1A2,TAL1,False
MYB,TAL1,False
MYCN,TAL1,False
IRF1,TAP1,False
IRF2,TAP1,False
FOS,TBP,False
RELA,TBP,False
NF1,TBPL1,False
CHST4,TBX21,False
CXCR3,TBX21,False
IFNG,TBX21,False
NFKB1,TBX21,False
CDKN2A,TBX5,False
NPPA,TBX5,False
ETS1,TBXA2R,False
GATA1,TBXA2R,False
EP300,TBXAS1,False
CDKN1A,TCF3,False
CR2,TCF3,False
LMX1B,TCF3,False
MYC,TCF3,False
ABCB1,TCF4,False
CCND1,TCF4,False
CLEC4C,TCF4,False
CNTNAP2,TCF4,False
MYC,TCF4,False
NOTUM,TCF4,False
NRXN1,TCF4,False
PLD1,TCF4,False
RUNX3,TCF4,False
BIRC5,TCF7L2,False
STARD7,TCF7L2,False
POU5F1,TDGF1,False
ERG,TDRD1,False
ATP6V0A2,TEAD1,False
MSLN,TEAD1,False
ALB,TEF,False
ELF1,TEK,False
ELF2,TEK,False
GATA3,TEK,False
SP1,TERF2,False
E2F1,TERT,False
ESR1,TERT,False
ETV4,TERT,False
EWSR1,TERT,False
FLI1,TERT,False
HIF1A,TERT,False
MXD1,TERT,False
PAX5,TERT,False
SP1,TERT,False
STAT3,TERT,False
NFKB1,TF,False
RELA,TF,False
BRS3,TFAP2A,False
CD82,TFAP2A,False
CDH1,TFAP2A,False
CDKN1A,TFAP2A,False
CRABP2,TFAP2A,False
CRYAB,TFAP2A,False
DCBLD2,TFAP2A,False
ETS1,TFAP2A,False
IGFBP5,TFAP2A,False
KISS1,TFAP2A,False
KRT5,TFAP2A,False
LNPEP,TFAP2A,False
MMP9,TFAP2A,False
NME3,TFAP2A,False
NR2F2,TFAP2A,False
NR3C1,TFAP2A,False
PRKCA,TFAP2A,False
PTEN,TFAP2A,False
SLC19A1,TFAP2A,False
SULT1E1,TFAP2A,False
TAF7,TFAP2A,False
CRYAB,TFAP2B,False
PTGDS,TFAP2B,False
CRABP2,TFAP2C,False
ECM1,TFAP2C,False
ESR1,TFAP2C,False
GPX1,TFAP2C,False
SULT1E1,TFAP2C,False
MYC,TFAP4,False
SALL2,TFAP4,False
PAX6,TFCP2,False
SPP1,TFCP2,False
TF,TFCP2,False
CCNE1,TFDP1,False
CDK1,TFDP1,False
DHFR,TFDP1,False
MYBL2,TFDP1,False
NRIP1,TFDP1,False
PCNA,TFDP1,False
RRM1,TFDP1,False
ESR1,TFF1,False
ESR2,TFF1,False
NFATC3,TFF1,False
NFKB1,TFF1,False
RELA,TFF1,False
SP3,TFF1,False
CDX2,TFF3,False
NFKB1,TFF3,False
RELA,TFF3,False
MYC,TFRC,False
ESR1,TGFA,False
ESR2,TGFA,False
SMAD7,TGFB1,False
SP1,TGFB1,False
ATF1,TGFB2,False
ETS1,TGFBR2,False
CREB5,TGFBR3,False
HDAC4,TGIF2,False
AR,TH,False
PITX3,TH,False
REST,TH,False
KLF2,THBD,False
KLF4,THBD,False
PARP1,THBD,False
RARA,THBD,False
SP1,THBD,False
E2F1,THBS1,False
NR1I2,THBS1,False
NR1I2,THRSP,False
POU5F1,THY1,False
PAX5,TIMP1,False
PPARD,TIMP1,False
RUNX3,TIMP1,False
SP1,TIMP1,False
STAT3,TIMP1,False
HIF1A,TIMP2,False
NR4A1,TIMP2,False
ELF3,TIMP3,False
SP1,TIMP3,False
AR,TJP1,False
MYB,TK1,False
POU2AF1,TK1,False
POU2F1,TK1,False
POU2F2,TK1,False
SP1,TK1,False
NFKB1,TLR2,False
RELA,TLR2,False
SP1,TLR2,False
NFKB1,TLR3,False
RELA,TLR3,False
STAT1,TLR3,False
SPI1,TLR4,False
NFKB1,TLR7,False
RELA,TLR7,False
MYC,TLX1,False
NR4A3,TLX1,False
PHOX2A,TLX2,False
ETS1,TMEM158,False
EGR1,TMPO,False
SP1,TMPO,False
AR,TMPRSS2,False
ETS1,TNC,False
JUN,TNC,False
RELA,TNC,False
SMAD3,TNC,False
SMAD4,TNC,False
SP1,TNC,False
ATF2,TNF,False
EGR1,TNF,False
HMGB2,TNF,False
JUN,TNF,False
NFKB1,TNF,False
RELA,TNF,False
SP1,TNF,False
NFKB1,TNFAIP3,False
RELA,TNFAIP3,False
CEBPB,TNFAIP6,False
CEBPD,TNFAIP6,False
DDIT3,TNFRSF10B,False
ELK1,TNFRSF10B,False
MYC,TNFRSF10B,False
NFKB1,TNFRSF10B,False
RELA,TNFRSF10B,False
SP1,TNFRSF10B,False
NR1I2,TNFRSF12A,False
NFKB1,TNFRSF13C,False
RELA,TNFRSF13C,False
POU2AF1,TNFRSF17,False
JUN,TNFRSF1B,False
FOXO1,TNFSF10,False
FOXO3,TNFSF10,False
FOXO4,TNFSF10,False
IRF1,TNFSF10,False
PML,TNFSF10,False
RELA,TNFSF10,False
E2F1,TNFSF11,False
HSF2,TNFSF11,False
ETS1,TNFSF14,False
SP1,TNFSF14,False
HDAC11,TNFSF4,False
GABPA,TOMM70,False
E2F1,TOP2A,False
RUNX1,TOP2B,False
ABL1,TP53,False
APCS,TP53,False
ATF3,TP53,False
BAX,TP53,False
BBC3,TP53,False
BDKRB2,TP53,False
CD82,TP53,False
CDKN1A,TP53,False
CKM,TP53,False
CRYAB,TP53,False
CTSD,TP53,False
DDB1,TP53,False
DDB2,TP53,False
DNMT1,TP53,False
DUSP1,TP53,False
E2F7,TP53,False
EGFR,TP53,False
EGR1,TP53,False
EPHA2,TP53,False
ERCC2,TP53,False
EZH2,TP53,False
FAS,TP53,False
FLT1,TP53,False
GADD45A,TP53,False
GDF15,TP53,False
GML,TP53,False
HIPK2,TP53,False
HOXA10,TP53,False
IFI16,TP53,False
IGFBP3,TP53,False
ING1,TP53,False
ING4,TP53,False
KLF4,TP53,False
MDM2,TP53,False
MMP2,TP53,False
MUC2,TP53,False
MYC,TP53,False
MYCN,TP53,False
NF1,TP53,False
OGG1,TP53,False
PMAIP1,TP53,False
PML,TP53,False
PPARG,TP53,False
PTTG1,TP53,False
S100B,TP53,False
SFN,TP53,False
SIVA1,TP53,False
SOX6,TP53,False
STAT1,TP53,False
TNFRSF10A,TP53,False
BRCA1,TP53BP1,False
E2F1,TP53BP2,False
TP53,TP53I3,False
BAX,TP63,False
CDKN1A,TP63,False
STAT3,TP63,False
TCF4,TP63,False
BBC3,TP73,False
CDKN1A,TP73,False
E2F1,TP73,False
MYC,TP73,False
PMAIP1,TP73,False
NFYB,TPH1,False
REST,TPH2,False
FOXA2,TPO,False
ETS1,TRA,False
NFKB1,TRAF1,False
RELA,TRAF1,False
NFKB1,TRAF2,False
RELA,TRAF2,False
RUNX3,TRAF6,False
ATF4,TRIB3,False
DDIT3,TRIB3,False
TP53,TRIM22,False
MITF,TRPM1,False
CCND2,TRRAP,False
CNP,TSC22D1,False
CCND1,TSC22D3,False
MAZ,TSG101,False
LHX2,TSHB,False
POU1F1,TSHB,False
TPO,TTF2,False
AKR1C2,TWIST1,False
AKT2,TWIST1,False
ATM,TWIST1,False
BMI1,TWIST1,False
CTPS1,TWIST1,False
DNM3,TWIST1,False
FOS,TWIST1,False
HIF1A,TWIST1,False
HMGA1,TWIST1,False
ICAM1,TWIST1,False
ITGB1,TWIST1,False
MAPK1,TWIST1,False
MAPK3,TWIST1,False
MMP2,TWIST1,False
NR2F1,TWIST1,False
POU2F1,TWIST1,False
RELA,TWIST1,False
RUNX2,TWIST1,False
STAT3,TWIST1,False
AKR1C2,TWIST2,False
ATM,TWIST2,False
CD44,TWIST2,False
CTPS1,TWIST2,False
GDF15,TWIST2,False
ICAM1,TWIST2,False
ITGB1,TWIST2,False
MMP2,TWIST2,False
NR2F1,TWIST2,False
PPARD,TXN,False
FOXO3,TXNIP,False
TFDP1,TYMS,False
OTX2,TYR,False
MITF,TYRP1,False
MYC,UBE2C,False
EGR1,UBE2S,False
SRF,UBE2S,False
SP1,UGCG,False
SP1,UGDH,False
AHR,UGT1A1,False
HNF1A,UGT1A1,False
NR1I2,UGT1A1,False
NR1I3,UGT1A1,False
NR3C1,UGT1A1,False
CDX2,UGT1A10,False
HNF1A,UGT1A10,False
ESR1,UGT1A4,False
SP1,UGT1A4,False
CDX2,UGT1A8,False
HNF1A,UGT1A8,False
PPARA,UGT1A9,False
PPARG,UGT1A9,False
ESR1,UGT2B15,False
FOSL2,UGT2B15,False
JUN,UGT2B15,False
FOXA1,UGT2B17,False
HNF1A,UGT2B17,False
HNF1A,UGT2B7,False
NFE2L2,UGT2B7,False
POU2F1,UGT2B7,False
E2F1,UHRF1,False
RB1,UHRF1,False
TP53,UHRF1BP1,False
E2F1,ULK1,False
HNF1B,UMOD,False
SATB2,UPF3B,False
NFKB1,UPP1,False
RELA,UPP1,False
STAT1,UPP1,False
ABCA1,USF1,False
APC,USF1,False
APOA5,USF1,False
B2M,USF1,False
CD2,USF1,False
CEACAM1,USF1,False
CEACAM5,USF1,False
CIITA,USF1,False
CTSD,USF1,False
CXCR4,USF1,False
FMR1,USF1,False
FOXA2,USF1,False
GATA5,USF1,False
GCK,USF1,False
HMOX1,USF1,False
HOXB4,USF1,False
P4HA1,USF1,False
PF4,USF1,False
PIGR,USF1,False
PTGDS,USF1,False
S100A6,USF1,False
SERBP1,USF1,False
SERPINE1,USF1,False
SLC19A1,USF1,False
SLC22A2,USF1,False
TERT,USF1,False
TGFB1,USF1,False
TGFB2,USF1,False
TRAP,USF1,False
APC,USF2,False
ATP5F1A,USF2,False
B2M,USF2,False
CD2,USF2,False
CEACAM1,USF2,False
CEACAM5,USF2,False
CTSD,USF2,False
CXCR4,USF2,False
FMR1,USF2,False
HMOX1,USF2,False
HOXB4,USF2,False
IGF2R,USF2,False
P4HA1,USF2,False
PDX1,USF2,False
PF4,USF2,False
PIGR,USF2,False
SLC19A1,USF2,False
TERT,USF2,False
TGFB1,USF2,False
TGFB2,USF2,False
THBS1,USF2,False
TOP3A,USF2,False
FOXP3,USP21,False
SP1,UTRN,False
SP3,UTRN,False
CREB1,UXT,False
SP1,VAMP2,False
HDAC4,VCAM1,False
JUN,VCAM1,False
NFKB1,VCAM1,False
RELA,VCAM1,False
TP53,VCAN,False
ELF2,VCP,False
PBX1,VCP,False
CALB1,VDR,False
CD14,VDR,False
CDH1,VDR,False
CST5,VDR,False
CXCL8,VDR,False
CYP24A1,VDR,False
CYP3A4,VDR,False
JUN,VDR,False
NCOR1,VDR,False
POU1F1,VDR,False
SMAD3,VDR,False
TNFRSF21,VDR,False
TPT1,VDR,False
AR,VEGFA,False
ATF4,VEGFA,False
BRCA1,VEGFA,False
COPS5,VEGFA,False
DNMT1,VEGFA,False
EGR1,VEGFA,False
EP300,VEGFA,False
EPAS1,VEGFA,False
ESR1,VEGFA,False
FOXQ1,VEGFA,False
HDGF,VEGFA,False
HIF1A,VEGFA,False
HOXB7,VEGFA,False
NFKB1,VEGFA,False
NR1H4,VEGFA,False
PTTG1,VEGFA,False
RB1,VEGFA,False
RELA,VEGFA,False
RUNX2,VEGFA,False
SP1,VEGFA,False
STAT3,VEGFA,False
TCF4,VEGFA,False
TFAP2A,VEGFA,False
TP53,VEGFA,False
HDGF,VEGFB,False
RUNX2,VEGFC,False
SIX1,VEGFC,False
NFKB1,VEGFD,False
IL3,VEZF1,False
AR,VHL,False
CDKN1B,VHL,False
CDKN1C,VHL,False
DAB2,VHL,False
SPARC,VHL,False
VEGFA,VHL,False
CTNNB1,VIM,False
ERG,VIM,False
ETV4,VIM,False
HDGF,VIM,False
HIF1A,VIM,False
HOXA7,VIM,False
SOX2,VIM,False
SP1,VIM,False
TCF4,VIM,False
PPARG,VLDLR,False
GLI3,VMP1,False
NEUROG3,VSX2,False
ERG,VWF,False
POU2F1,VWF,False
FOXF2,WASF2,False
ATF6,WBP1,False
SRY,WDR5,False
ERG,WNT11,False
GLI2,WNT2B,False
FOXQ1,WNT3A,False
CUX1,WNT5A,False
HOXB7,WNT5A,False
AR,WNT7B,False
MYC,WRN,False
ADGRE5,WT1,False
AMH,WT1,False
CD14,WT1,False
CKM,WT1,False
CXXC5,WT1,False
DNMT3A,WT1,False
EP300,WT1,False
ETS1,WT1,False
GATA1,WT1,False
HBEGF,WT1,False
ITGAX,WT1,False
JUN,WT1,False
MYB,WT1,False
NDRG2,WT1,False
ODC1,WT1,False
PAX8,WT1,False
PODXL,WT1,False
SP1,WT1,False
SRY,WT1,False
THBS1,WT1,False
VDR,WT1,False
VEGFA,WT1,False
BAK1,WWTR1,False
BAX,WWTR1,False
LTBR,WWTR1,False
SMAD3,WWTR1,False
CEBPB,XBP1,False
ESR1,XBP1,False
HSPA5,XBP1,False
NPPB,XBP1,False
NFKB1,XIAP,False
RELA,XIAP,False
HIF1A,XPC,False
MYC,XPO1,False
E2F1,XRCC1,False
ABCB1,YBX1,False
AGT,YBX1,False
CDH1,YBX1,False
CDKN3,YBX1,False
CXCR4,YBX1,False
EGFR,YBX1,False
ERBB2,YBX1,False
ERBB3,YBX1,False
MET,YBX1,False
MYCN,YBX1,False
RAD9A,YBX1,False
TWIST1,YBX1,False
NANOG,YES1,False
APH1A,YY1,False
CFTR,YY1,False
COX7C,YY1,False
CTCF,YY1,False
DBH,YY1,False
DNAJB4,YY1,False
EGFR,YY1,False
ERBB2,YY1,False
ERCC5,YY1,False
FCER1A,YY1,False
GDAP1,YY1,False
HDAC5,YY1,False
HSD3B2,YY1,False
HSPA5,YY1,False
IFNG,YY1,False
IL4,YY1,False
IL5,YY1,False
MYC,YY1,False
NF1,YY1,False
PCNA,YY1,False
PRDM2,YY1,False
SP1,YY1,False
SP3,YY1,False
SP4,YY1,False
SURF2,YY1,False
TFAP2A,YY1,False
TNFRSF10B,YY1,False
TOP3A,YY1,False
TP53,YY1,False
TP73,YY1,False
VEGFB,YY1,False
FHL2,ZBTB14,False
CRABP1,ZBTB16,False
CXCR4,ZBTB16,False
SOX9,ZBTB16,False
MDM2,ZBTB2,False
CDH1,ZEB1,False
ESR1,ZEB1,False
GATA3,ZEB1,False
POU5F1,ZEB1,False
SPRR1B,ZEB1,False
ITGA5,ZEB2,False
POU5F1,ZEB2,False
VIM,ZEB2,False
CDKN1A,ZFHX3,False
ESR1,ZFHX3,False
ELAVL1,ZFP36,False
HIF1A,ZFP36,False
STAT3,ZFP36,False
POU5F1,ZFP42,False
EIF3M,ZIC1,False
FAM57A,ZIC1,False
JUND,ZIC1,False
IL6,ZMYND11,False
PCYT1A,ZNF143,False
GAST,ZNF148,False
MMP3,ZNF148,False
NTF3,ZNF175,False
YY1,ZNF175,False
HIF1A,ZNF217,False
VDR,ZNF224,False
CXCL8,ZNF300,False
MYC,ZNF300,False
ATXN2,ZNF350,False
SCARF1,ZNF444,False
PCYT1A,ZNF76,False
ABCB1,ZNRD1,False
